{
  "DE": {
    "total_hours": 3504,
    "num_refits": 11,
    "avg_mase": 1.3395187464235632,
    "avg_mape": 5.247311796335299,
    "avg_rmse": 3143.7018665684177
  },
  "FR": {
    "total_hours": 3504,
    "num_refits": 11,
    "avg_mase": 1.3933459077629937,
    "avg_mape": 5.482751255944427,
    "avg_rmse": 3181.048707359169
  },
  "IT": {
    "total_hours": 3504,
    "num_refits": 11,
    "avg_mase": 1.45692797039575,
    "avg_mape": 7.529996022686307,
    "avg_rmse": 2969.748958807027
  }
}