{
  "DE": {
    "total_hours": 3500,
    "num_refits": 11,
    "avg_mase": 0.6960555939577958,
    "avg_mape": 5.417706972149214,
    "avg_rmse": 3127.569786276828
  },
  "FR": {
    "total_hours": 3500,
    "num_refits": 11,
    "avg_mase": 0.8410685448634025,
    "avg_mape": 4.860106092738054,
    "avg_rmse": 2543.426862553156
  },
  "IT": {
    "total_hours": 3500,
    "num_refits": 11,
    "avg_mase": 0.8498579829030838,
    "avg_mape": 6.556359113568419,
    "avg_rmse": 2497.588977596983
  }
}