{
  "DE": {
    "total_hours": 3504,
    "num_refits": 11,
    "avg_mase": 1.7300868747048495,
    "avg_mape": 6.604591216645269,
    "avg_rmse": 4043.5405760753647
  },
  "FR": {
    "total_hours": 3504,
    "num_refits": 11,
    "avg_mase": 1.930974132150711,
    "avg_mape": 7.712710153891048,
    "avg_rmse": 4269.2803975105635
  },
  "IT": {
    "total_hours": 3504,
    "num_refits": 11,
    "avg_mase": 2.0607360205013263,
    "avg_mape": 10.39382582183272,
    "avg_rmse": 4123.052193045682
  }
}